sir,pasajeros,companyia,conectividad,dineroT,dineroN,tasas,origen,destino,VuelosDesdeOrigen
0.643295614719493,103,RYR,5,77696.60577017942,15323.791393003628,463.50736128,ABZ,ALC,41
0.6304237523312073,103,TRA,58263,83641.06590992374,15323.791393003628,463.50736128,AMS,AGP,340
0.6285835250926157,103,TRA,58263,83641.06590992374,15323.791393003628,463.50736128,AMS,ALC,340
0.5387220805159199,89,TRA,58263,72272.37733964286,13240.945960944875,459.45388455999995,AMS,BCN,340
0.6267485642603512,103,KLM,58263,83641.06590992374,15323.791393003628,488.62006149,AMS,BCN,340
0.5387220805159199,89,KLM,58263,72272.37733964286,13240.945960944875,459.45388455999995,AMS,BCN,340
0.4366113593723794,72,VLG,58263,58467.541218587474,10711.77650773069,443.381312,AMS,BCN,340
0.5387220805159199,89,KLM,58263,72272.37733964286,13240.945960944875,365.67395591999997,AMS,BIO,340
0.5387220805159199,89,KLM,58263,72272.37733964286,13240.945960944875,365.67395591999997,AMS,BIO,340
0.6285835250926157,103,TRA,58263,83641.06590992374,15323.791393003628,388.88697393,AMS,IBZ,340
0.5402993221301698,89,KLM,58263,72272.37733964286,13240.945960944875,521.5238999999999,AMS,MAD,340
0.5395101362575105,89,KLM,58263,72272.37733964286,13240.945960944875,521.5238999999999,AMS,MAD,340
0.6276653872799796,103,AEA,58263,83641.06590992374,15323.791393003628,554.6302875,AMS,MAD,340
0.5297052177746764,87,IBE,58263,70648.27897245987,12943.396613507915,581.131125,AMS,MAD,340
0.6276653872799796,103,TRA,58263,83641.06590992374,15323.791393003628,463.50736128,AMS,PMI,340
0.6295029795062693,103,TRA,58263,83641.06590992374,15323.791393003628,388.88697393,AMS,SVQ,340
0.6276653872799796,103,TRA,58263,83641.06590992374,15323.791393003628,388.88697393,AMS,VLC,340
0.3385161639262811,56,KLC,58263,45474.75428112359,8331.38172823498,253.60635709499996,AMS,VLC,340
0.3385161639262811,56,KLC,58263,45474.75428112359,8331.38172823498,253.60635709499996,AMS,VLC,340
0.03196867047306609,5,BNJ,58263,4060.2459179574635,743.8733685924091,22.89938364,AMS,XRY,340
0.9458295563241891,103,NAX,3000,88999.4525147637,26715.440088934625,463.50736128,ARN,AGP,109
0.8754783629748819,96,SAS,3000,82950.94603317784,24899.827655706045,519.170304,ARN,AGP,109
0.8704012791843467,96,VLG,3000,82950.94603317784,24899.827655706045,547.298807,ARN,BCN,109
0.871667865130324,96,IBE,3000,82950.94603317784,24899.827655706045,621.2362499999999,ARN,MAD,109
0.871667865130324,96,SAS,3000,82950.94603317784,24899.827655706045,519.170304,ARN,PMI,109
1.5640113318223439,168,ETD,-1,136424.2628433708,24994.145184704932,1725.030417,AUH,BCN,65
1.5686240361614203,168,ETD,-1,136424.2628433708,24994.145184704932,1958.0737499999998,AUH,MAD,65
0.5095878933300846,103,TVS,-1,83641.06590992374,15323.791393003628,554.6302875,BEY,MAD,39
0.6423558462856833,103,RYR,-1,77696.60577017942,15323.791393003628,463.50736128,BFS,AGP,38
0.5397306266419722,87,EJU,-1,65627.23011655931,12943.396613507915,485.65424640000003,BFS,PMI,38
0.007574135101846499,11,EJA,-1,8932.54101950642,1636.5214109032995,292.444032,BGI,PMI,7
0.531127476266426,103,MAY,302,63379.66656037264,12567.436463192913,388.88697393,BGY,ACE,60
0.5256737855641757,103,MAY,302,63379.66656037264,12567.436463192913,463.50736128,BGY,AGP,60
0.5225821640969617,103,RYR,302,63379.66656037264,12567.436463192913,488.62006149,BGY,BCN,60
0.53191110447122,103,MAY,302,63379.66656037264,12567.436463192913,388.88697393,BGY,FUE,60
0.5233533882621763,103,MAY,302,63379.66656037264,12567.436463192913,388.88697393,BGY,IBZ,60
0.5233533882621763,103,RYR,302,63379.66656037264,12567.436463192913,388.88697393,BGY,IBZ,60
0.5248991974235604,103,RYR,302,63379.66656037264,12567.436463192913,554.6302875,BGY,MAD,60
0.5225821640969617,103,MAY,302,63379.66656037264,12567.436463192913,463.50736128,BGY,PMI,60
0.5264494981777765,103,RYR,302,63379.66656037264,12567.436463192913,388.88697393,BGY,SVQ,60
0.5233533882621763,103,RYR,302,63379.66656037264,12567.436463192913,388.88697393,BGY,VLC,60
0.6414174231993088,103,RYR,194,77696.60577017942,15323.791393003628,463.50736128,BHX,AGP,51
0.6404803436151404,103,RYR,194,77696.60577017942,15323.791393003628,463.50736128,BHX,ALC,51
0.63861020758397,103,RYR,194,77696.60577017942,15323.791393003628,488.62006149,BHX,BCN,51
0.6404803436151404,103,RYR,194,77696.60577017942,15323.791393003628,388.88697393,BHX,IBZ,51
0.6395446056902423,103,RYR,194,77696.60577017942,15323.791393003628,463.50736128,BHX,PMI,51
0.6480147018438963,103,RYR,194,77696.60577017942,15323.791393003628,463.50736128,BHX,TFS,51
0.153504729510588,103,TVS,-1,83641.06590992374,15323.791393003628,388.88697393,BJL,ACE,1
0.4519143130235555,103,RYR,22,88999.4525147637,26715.440088934625,463.50736128,BLL,AGP,19
0.45124868112622546,103,RYR,22,88999.4525147637,26715.440088934625,463.50736128,BLL,ALC,19
0.5225821640969617,103,RYR,150,63379.66656037264,12567.436463192913,488.62006149,BLQ,BCN,48
0.4403782281715969,87,VLG,150,53534.281463615735,10615.213323279448,511.9668587,BLQ,BCN,48
0.5233533882621763,103,MAY,150,63379.66656037264,12567.436463192913,388.88697393,BLQ,IBZ,48
0.5326958698251786,103,MAY,150,63379.66656037264,12567.436463192913,463.50736128,BLQ,LPA,48
0.29488718956379806,58,ANE,150,35689.52097574382,7076.808882186298,321.02973,BLQ,MAD,48
0.04761470397274449,5,NJE,341,4320.361772561345,1296.8660237346905,91.814282496,BMA,PMI,30
0.5678489844187284,72,VOE,120,35759.427111668614,13864.676762836327,420.593664,BOD,AGP,31
0.6839110752090372,87,VLG,120,43209.30775993291,16753.15108842723,511.9668587,BOD,BCN,31
0.6404803436151404,103,RYR,-1,77696.60577017942,15323.791393003628,463.50736128,BOH,AGP,13
0.01799102088806574,3,GAC,-1,2263.00793505377,446.32402115544517,27.164033192999998,BQH,BCN,4
0.35278641828625945,103,RYR,15,85566.7360960381,15632.194741793637,463.50736128,BRE,AGP,21
0.35174660584146594,103,RYR,15,85566.7360960381,15632.194741793637,463.50736128,BRE,ALC,21
0.6461230105922705,103,RYR,301,77696.60577017942,15323.791393003628,388.88697393,BRS,ACE,46
0.6404803436151404,103,RYR,301,77696.60577017942,15323.791393003628,463.50736128,BRS,AGP,46
0.5945723304937411,96,EZY,301,72416.25392172064,14282.368676974245,519.170304,BRS,AGP,46
0.6395446056902423,103,RYR,301,77696.60577017942,15323.791393003628,463.50736128,BRS,ALC,46
0.5928362917915166,96,EZY,301,72416.25392172064,14282.368676974245,519.170304,BRS,ALC,46
0.5381546693123342,87,EJU,301,65627.23011655931,12943.396613507915,511.9668587,BRS,BCN,46
0.6376771474579681,103,RYR,301,77696.60577017942,15323.791393003628,388.88697393,BRS,GRO,46
0.6395446056902423,103,RYR,301,77696.60577017942,15323.791393003628,463.50736128,BRS,PMI,46
0.5928362917915166,96,EZY,301,72416.25392172064,14282.368676974245,519.170304,BRS,PMI,46
0.6470681789140551,103,RYR,301,77696.60577017942,15323.791393003628,463.50736128,BRS,TFS,46
0.5998103905663991,96,EZY,301,72416.25392172064,14282.368676974245,519.170304,BRS,TFS,46
0.981442802228241,103,RYR,6325,83641.06590992374,15323.791393003628,463.50736128,BRU,AGP,97
0.827058541203574,87,BEL,6325,70648.27897245987,12943.396613507915,485.65424640000003,BRU,AGP,97
0.9800126653457722,103,RYR,6325,83641.06590992374,15323.791393003628,463.50736128,BRU,ALC,97
0.9771584488512765,103,RYR,6325,83641.06590992374,15323.791393003628,488.62006149,BRU,BCN,97
1.0689224773185544,113,BCS,6325,91761.55774583868,16811.538130188437,801.4117214400001,BRU,BCN,97
1.0720448704841448,113,BCS,6325,91761.55774583868,16811.538130188437,909.6786,BRU,MAD,97
0.9071148904096611,96,IBE,6325,77956.72162478331,14282.368676974245,621.2362499999999,BRU,MAD,97
0.9071148904096611,96,IBE,6325,77956.72162478331,14282.368676974245,621.2362499999999,BRU,MAD,97
0.9771584488512765,103,RYR,6325,83641.06590992374,15323.791393003628,463.50736128,BRU,PMI,97
2.119186625977676,221,JAF,6325,179462.8695737199,32879.20289178447,1498.364928,BRU,TFS,97
1.4602480190698854,154,BCS,6325,125055.57427308988,22911.29975264619,457.6378478,BRU,VIT,97
0.9785845484419371,103,RYR,6325,83641.06590992374,15323.791393003628,388.88697393,BRU,VLC,97
0.6859116627638593,87,EJU,321,43209.30775993291,16753.15108842723,511.9668587,BSL,BCN,39
0.6869140940549134,87,EJU,321,43209.30775993291,16753.15108842723,485.65424640000003,BSL,PMI,39
0.6869140940549134,87,EJU,321,43209.30775993291,16753.15108842723,485.65424640000003,BSL,PMI,39
0.8163293041259515,103,RYR,-1,51155.84711808149,19834.190369057524,463.50736128,BVA,ALC,11
0.8151380582784972,103,RYR,-1,51155.84711808149,19834.190369057524,488.62006149,BVA,BCN,11
0.48004908853577377,78,RFR,-1,58838.206311398004,11604.42455004158,707.2463769000001,BZZ,LEN,6
0.8187168870970146,103,AEA,47556,51155.84711808149,19834.190369057524,463.50736128,CDG,AGP,295
0.8175222463039568,103,AEA,47556,51155.84711808149,19834.190369057524,463.50736128,CDG,AGP,295
0.5670203078847903,72,AFR,47556,35759.427111668614,13864.676762836327,443.381312,CDG,BCN,295
0.5670203078847903,72,AFR,47556,35759.427111668614,13864.676762836327,443.381312,CDG,BCN,295
0.5670203078847903,72,AFR,47556,35759.427111668614,13864.676762836327,443.381312,CDG,BCN,295
0.891685161593017,113,FDX,47556,56122.43421692436,21759.83991945145,801.4117214400001,CDG,BCN,295
0.5686788410765056,72,AFR,47556,35759.427111668614,13864.676762836327,503.28,CDG,MAD,295
0.5678489844187284,72,AFR,47556,35759.427111668614,13864.676762836327,503.28,CDG,MAD,295
1.048688850257168,133,FDX,47556,66055.60841461008,25611.139020239327,1469.5775999999998,CDG,MAD,295
0.7704681072649429,97,ABR,47556,48175.89485877577,18678.800638821165,494.000775,CDG,MAD,295
0.4921500388729246,62,AFR,47556,30792.840012825753,11939.027212442388,325.313079,CDG,SVQ,295
0.8151380582784972,103,AEA,47556,51155.84711808149,19834.190369057524,388.88697393,CDG,VLC,295
0.35174660584146594,103,MAY,592,85566.7360960381,15632.194741793637,463.50736128,CGN,AGP,128
0.34967606719532535,103,RYR,592,85566.7360960381,15632.194741793637,488.62006149,CGN,BCN,128
0.4498641538636488,133,UPS,592,110489.08641527251,20185.261171442267,1294.67343104,CGN,BCN,128
0.35070982502559117,103,MAY,592,85566.7360960381,15632.194741793637,554.6302875,CGN,MAD,128
0.45052864185297187,133,UPS,592,110489.08641527251,20185.261171442267,1469.5775999999998,CGN,MAD,128
0.33100702586685016,97,ABR,592,80582.26603219123,14721.581455863912,494.000775,CGN,MAD,128
0.35019256877654587,103,MAY,592,85566.7360960381,15632.194741793637,463.50736128,CGN,PMI,128
0.35019256877654587,103,MAY,592,85566.7360960381,15632.194741793637,463.50736128,CGN,PMI,128
0.2439543737544477,72,EWG,592,59813.640766162556,10927.359431156716,420.593664,CGN,PMI,128
0.35122783702067173,103,RYR,592,85566.7360960381,15632.194741793637,388.88697393,CGN,SVQ,128
0.3305188289576389,97,SWT,592,80582.26603219123,14721.581455863912,167.43628188,CGN,VIT,128
0.5009404333416178,148,SRR,592,122950.26157488972,22461.794386266578,477.54789278,CGN,VIT,128
0.35019256877654587,103,RYR,592,85566.7360960381,15632.194741793637,388.88697393,CGN,VLC,128
0.5256737855641757,103,RYR,37,63379.66656037264,12567.436463192913,554.6302875,CIA,MAD,28
0.5225821640969617,103,MAY,37,63379.66656037264,12567.436463192913,463.50736128,CIA,PMI,28
0.3087833587353162,103,RAM,-1,83641.06590992374,15323.791393003628,463.50736128,CMN,AGP,32
0.1361105442761966,45,SWT,-1,36542.21326161717,6694.860317331678,180.86624999999998,CMN,MAD,32
0.4532484826018426,103,RYR,6081,88999.4525147637,26715.440088934625,463.50736128,CPH,AGP,143
0.41952725086985737,96,SAS,6081,82950.94603317784,24899.827655706045,519.170304,CPH,AGP,143
0.3797056314623171,87,VLG,6081,75174.2948425674,22565.46881298361,511.9668587,CPH,BCN,143
0.981442802228241,103,RYR,73,83641.06590992374,15323.791393003628,463.50736128,CRL,AGP,25
0.9785845484419371,103,RYR,73,83641.06590992374,15323.791393003628,388.88697393,CRL,IBZ,25
0.9771584488512765,103,RYR,73,83641.06590992374,15323.791393003628,284.84894676,CRL,REU,25
0.9800126653457722,103,RYR,73,83641.06590992374,15323.791393003628,388.88697393,CRL,SVQ,25
0.5389420834468334,87,VLG,-1,65627.23011655931,12943.396613507915,485.65424640000003,CWL,ALC,7
0.663724092151879,107,VLG,-1,80713.94968358445,15918.890087877548,654.5488895999999,CWL,PMI,7
5.148968773798152,232,AAL,-1,188395.4105932263,34515.72430268778,1943.9976374999999,DFW,MAD,732
8.443470752433917,188,QTR,-1,152665.24651520062,27969.63865907457,1856.659244,DOH,BCN,155
8.443470752433917,188,QTR,-1,152665.24651520062,27969.63865907457,1856.659244,DOH,BCN,155
10.288044362965646,229,QTR,-1,185959.2630424518,34069.40028153234,2435.1332995,DOH,BCN,155
8.468265975527393,188,QTR,-1,152665.24651520062,27969.63865907457,2107.4849999999997,DOH,MAD,155
8.468265975527393,188,QTR,-1,152665.24651520062,27969.63865907457,2107.4849999999997,DOH,MAD,155
10.33339084732415,229,QTR,-1,185959.2630424518,34069.40028153234,2764.1081249999997,DOH,MAD,155
0.06504789281330128,72,SZN,-1,58467.541218587474,10711.77650773069,443.381312,DSS,BCN,19
0.040616281207515814,45,SWT,-1,36542.21326161717,6694.860317331678,151.150848,DSS,LPA,19
0.35019256877654587,103,RYR,-1,85566.7360960381,15632.194741793637,463.50736128,DTM,PMI,17
0.7253641708054626,103,RYR,4365,83641.06590992374,15323.791393003628,388.88697393,DUB,ACE,98
0.7264323214806014,103,RYR,4365,83641.06590992374,15323.791393003628,388.88697393,DUB,ACE,98
0.6112619416899966,87,EIN,4365,70648.27897245987,12943.396613507915,407.4684159,DUB,ACE,98
0.7200464061998658,103,RYR,4365,83641.06590992374,15323.791393003628,463.50736128,DUB,AGP,98
0.7211069009486254,103,RYR,4365,83641.06590992374,15323.791393003628,463.50736128,DUB,AGP,98
0.6067806793819096,87,EIN,4365,70648.27897245987,12943.396613507915,485.65424640000003,DUB,AGP,98
0.7200464061998658,103,RYR,4365,83641.06590992374,15323.791393003628,463.50736128,DUB,ALC,98
0.7179299893031609,103,RYR,4365,83641.06590992374,15323.791393003628,488.62006149,DUB,BCN,98
0.7264323214806014,103,RYR,4365,83641.06590992374,15323.791393003628,388.88697393,DUB,FUE,98
0.7189874363480824,103,RYR,4365,83641.06590992374,15323.791393003628,388.88697393,DUB,IBZ,98
0.7275020096473046,103,RYR,4365,83641.06590992374,15323.791393003628,463.50736128,DUB,LPA,98
0.7179299893031609,103,RYR,4365,83641.06590992374,15323.791393003628,554.6302875,DUB,MAD,98
0.6041073564417541,87,IBE,4365,70648.27897245987,12943.396613507915,581.131125,DUB,MAD,98
0.7253641708054626,103,RYR,4365,83641.06590992374,15323.791393003628,463.50736128,DUB,TFS,98
0.7189874363480824,103,RYR,4365,83641.06590992374,15323.791393003628,388.88697393,DUB,VLC,98
0.2955419873811161,87,EWG,3254,72274.81592577977,13203.892645981032,407.4684159,DUS,IBZ,88
0.29510609728360604,87,EWG,3254,72274.81592577977,13203.892645981032,485.65424640000003,DUS,PMI,88
2.1636193602226483,232,UAE,-1,188395.4105932263,34515.72430268778,2732.653125,DXB,MAD,211
0.6423558462856833,103,RYR,151,77696.60577017942,15323.791393003628,463.50736128,EDI,AGP,66
0.6414174231993088,103,RYR,151,77696.60577017942,15323.791393003628,463.50736128,EDI,ALC,66
0.6480147018438963,103,RYR,151,77696.60577017942,15323.791393003628,388.88697393,EDI,FUE,66
0.6404803436151404,103,RYR,151,77696.60577017942,15323.791393003628,388.88697393,EDI,GRO,66
0.6414174231993088,103,RYR,151,77696.60577017942,15323.791393003628,463.50736128,EDI,PMI,66
0.6304237523312073,103,TRA,86,83641.06590992374,15323.791393003628,463.50736128,EIN,AGP,28
0.6304237523312073,103,RYR,86,83641.06590992374,15323.791393003628,463.50736128,EIN,AGP,28
0.6285835250926157,103,TRA,86,83641.06590992374,15323.791393003628,463.50736128,EIN,ALC,28
0.6285835250926157,103,RYR,86,83641.06590992374,15323.791393003628,463.50736128,EIN,ALC,28
0.6285835250926157,103,TRA,86,83641.06590992374,15323.791393003628,388.88697393,EIN,IBZ,28
0.6276653872799796,103,RYR,86,83641.06590992374,15323.791393003628,388.88697393,EIN,IBZ,28
0.6276653872799796,103,TRA,86,83641.06590992374,15323.791393003628,463.50736128,EIN,PMI,28
0.04225271219732705,7,BNJ,86,5684.344285140449,1041.4227160293724,90.315917568,EIN,PMI,28
0.6480147018438963,103,RYR,43,77696.60577017942,15323.791393003628,388.88697393,EMA,ACE,83
0.6414174231993088,103,RYR,43,77696.60577017942,15323.791393003628,463.50736128,EMA,AGP,83
0.6423558462856833,103,RYR,43,77696.60577017942,15323.791393003628,463.50736128,EMA,AGP,83
0.6404803436151404,103,RYR,43,77696.60577017942,15323.791393003628,463.50736128,EMA,ALC,83
0.032431218026931344,5,CLF,43,3771.6798917562824,743.8733685924091,37.26196992,EMA,ALC,83
0.63861020758397,103,RYR,43,77696.60577017942,15323.791393003628,488.62006149,EMA,BCN,83
0.604498301839009,97,ABR,43,73170.58990007188,14431.143350692737,494.000775,EMA,MAD,83
0.7006247084808835,113,DHK,43,85239.96555369199,16811.538130188437,909.6786,EMA,MAD,83
0.6395446056902423,103,RYR,43,77696.60577017942,15323.791393003628,463.50736128,EMA,PMI,83
0.6027332296298145,97,SWT,43,73170.58990007188,14431.143350692737,167.43628188,EMA,VIT,83
0.6395446056902423,103,RYR,43,77696.60577017942,15323.791393003628,388.88697393,EMA,VLC,83
0.18017343348295192,29,AXY,-1,21875.743372186436,4314.465537835972,141.44433484799998,FAB,AGP,16
0.036524919436642996,5,NJE,17,4060.2459179574635,743.8733685924091,109.86445124999999,FAO,MAD,53
0.5256737855641757,103,MAY,14854,63379.66656037264,12567.436463192913,463.50736128,FCO,AGP,138
0.5225821640969617,103,RYR,14854,63379.66656037264,12567.436463192913,488.62006149,FCO,BCN,138
0.44102813617599124,87,VLG,14854,53534.281463615735,10615.213323279448,511.9668587,FCO,BCN,138
0.48441605098875656,96,VLG,14854,59072.3105805415,11713.338839480766,547.298807,FCO,BCN,138
0.2583552271940035,51,CYL,14854,31382.16499591267,6222.711258474161,265.54383888999996,FCO,BCN,138
0.5233533882621763,103,MAY,14854,63379.66656037264,12567.436463192913,388.88697393,FCO,IBZ,138
0.36566011505910956,72,AZA,14854,44304.23293540612,8785.00412961058,503.28,FCO,MAD,138
0.5463463501650141,107,IBE,14854,65841.01283456189,13055.492248171271,783.2294999999999,FCO,MAD,138
0.5264494981777765,103,MAY,14854,63379.66656037264,12567.436463192913,388.88697393,FCO,SVQ,138
0.35122783702067173,103,MAY,-1,85566.7360960381,15632.194741793637,463.50736128,FKB,AGP,8
0.35070982502559117,103,MAY,-1,85566.7360960381,15632.194741793637,463.50736128,FKB,ALC,8
0.0735487810561378,21,AEG,-1,17445.645223464082,3187.1465007540405,101.442375,FKB,MAD,8
0.34967606719532535,103,MAY,-1,85566.7360960381,15632.194741793637,463.50736128,FKB,PMI,8
0.36566011505910956,72,VLG,25,44304.23293540612,8785.00412961058,503.28,FLR,MAD,20
0.35070982502559117,103,MAY,4,85566.7360960381,15632.194741793637,463.50736128,FMM,ALC,8
0.34967606719532535,103,RYR,4,85566.7360960381,15632.194741793637,463.50736128,FMM,PMI,8
0.3174819162539579,45,IBB,2,36542.21326161717,6694.860317331678,151.150848,FNC,LPA,15
0.35174660584146594,103,MAY,78773,85566.7360960381,15632.194741793637,463.50736128,FRA,AGP,251
0.3241379274563409,96,DLH,78773,79751.52102155008,14569.812574875614,547.298807,FRA,BCN,251
0.24359456366415924,72,DLH,78773,59813.640766162556,10927.359431156716,443.381312,FRA,BCN,251
0.32509618611922775,96,DLH,78773,79751.52102155008,14569.812574875614,621.2362499999999,FRA,MAD,251
0.32461670701196665,96,DLH,78773,79751.52102155008,14569.812574875614,621.2362499999999,FRA,MAD,251
0.3241379274563409,96,DLH,78773,79751.52102155008,14569.812574875614,519.170304,FRA,PMI,251
0.24359456366415924,72,DLH,78773,59813.640766162556,10927.359431156716,420.593664,FRA,PMI,251
0.34967606719532535,103,MAY,78773,85566.7360960381,15632.194741793637,463.50736128,FRA,PMI,251
0.29510609728360604,87,DLH,78773,72274.81592577977,13203.892645981032,407.4684159,FRA,VLC,251
0.6423558462856833,103,RYR,66,77696.60577017942,15323.791393003628,463.50736128,GLA,AGP,40
0.5963133507231253,96,EZY,66,72416.25392172064,14282.368676974245,519.170304,GLA,AGP,40
0.6423558462856833,103,RYR,66,77696.60577017942,15323.791393003628,463.50736128,GLA,ALC,40
0.5954422170625714,96,EZY,66,72416.25392172064,14282.368676974245,519.170304,GLA,ALC,40
0.5197848696221978,87,EZS,1207,70648.27897245987,12943.396613507915,511.9668587,GVA,BCN,63
0.5213201392420295,87,IBE,1207,70648.27897245987,12943.396613507915,581.131125,GVA,MAD,63
0.6429615050651698,107,IBE,1207,86889.26264428973,15918.890087877548,783.2294999999999,GVA,MAD,63
0.5205519492277872,87,EJU,1207,70648.27897245987,12943.396613507915,485.65424640000003,GVA,PMI,63
0.5236313871792603,87,EZS,1207,70648.27897245987,12943.396613507915,407.4684159,GVA,SVQ,63
1.741882004913176,221,AEA,-1,179462.8695737199,32879.20289178447,1792.935,GYE,MAD,14
0.02381848072429019,7,TWG,91,5815.215074488027,1062.3821669180138,23.1578802,HAJ,GRO,31
0.35070982502559117,103,RYR,563,85566.7360960381,15632.194741793637,488.62006149,HAM,BCN,78
0.35070982502559117,103,RYR,563,85566.7360960381,15632.194741793637,463.50736128,HAM,PMI,78
0.35070982502559117,103,RYR,563,85566.7360960381,15632.194741793637,463.50736128,HAM,PMI,78
0.2955419873811161,87,EWG,563,72274.81592577977,13203.892645981032,485.65424640000003,HAM,PMI,78
0.07906023053102328,160,IBE,-1,129927.86937463883,23803.94779495709,1808.6625,HAV,MAD,4
0.34967606719532535,103,MAY,4,85566.7360960381,15632.194741793637,463.50736128,HHN,PMI,14
0.029249144049132828,6,TYW,2,4872.295101548957,892.6480423108903,73.47245568,INN,ALC,7
0.5435896266686678,145,KZU,-1,117747.13162076643,21572.32768917986,1179.5625,ISL,MAD,31
0.43397618959925915,115,THY,41539,93385.65611302166,17109.08747762541,764.9547264,IST,AGP,201
0.4314222197240819,115,THY,41539,93385.65611302166,17109.08747762541,806.3997612,IST,BCN,201
0.43333630009318896,115,THY,41539,93385.65611302166,17109.08747762541,915.3404999999999,IST,MAD,201
0.4662504831172199,103,RYR,1085,83641.06590992374,15323.791393003628,554.6302875,KBP,MAD,57
0.6536090172663116,87,VLG,2818,75174.2948425674,22565.46881298361,511.9668587,KEF,BCN,11
0.2325993465380392,103,ENT,-1,83641.06590992374,15323.791393003628,463.50736128,KTW,TFS,34
0.15753183479338503,103,RYR,1,83641.06590992374,15323.791393003628,463.50736128,KUN,ALC,10
0.6404803436151404,103,RYR,-1,77696.60577017942,15323.791393003628,388.88697393,LBA,IBZ,14
0.6404803436151404,103,RYR,-1,77696.60577017942,15323.791393003628,463.50736128,LBA,PMI,14
0.08688214395008881,11,NJE,-1,5463.24580872715,2118.2145054333273,308.2885685,LBG,BCN,17
0.3305188289576389,97,SWT,-1,80582.26603219123,14721.581455863912,435.20646905999996,LEJ,BCN,93
0.38363792646868783,113,BCS,-1,93874.18620244958,17149.883551676507,801.4117214400001,LEJ,BCN,93
0.33100702586685016,97,FPO,-1,80582.26603219123,14721.581455863912,435.20646905999996,LEJ,BCN,93
0.38477206864624147,113,BCS,-1,93874.18620244958,17149.883551676507,909.6786,LEJ,MAD,93
0.5240944576225125,154,BCS,-1,127934.7316387366,23372.407672196303,1890.2882249999998,LEJ,MAD,93
0.523321479182928,154,BCS,-1,127934.7316387366,23372.407672196303,457.6378478,LEJ,VIT,93
0.38420458359545095,113,BCS,-1,93874.18620244958,17149.883551676507,308.32583712,LEJ,VIT,93
0.9222619067809802,97,TAY,0,78768.77080837479,14431.143350692737,435.20646905999996,LGG,BCN,56
0.9236078884171093,97,TAY,0,78768.77080837479,14431.143350692737,494.000775,LGG,MAD,56
2.1990664009931167,232,CAO,0,188395.4105932263,34515.72430268778,2732.653125,LGG,MAD,56
0.7234076831679603,115,EZY,1492,86748.63751039449,17109.08747762541,534.836757,LGW,ACE,116
0.44683011503772074,72,EJU,1492,54312.19044129046,10711.77650773069,420.593664,LGW,AGP,116
0.7160426313450167,115,EZY,1492,86748.63751039449,17109.08747762541,764.9547264,LGW,AGP,116
0.6395446056902423,103,RYR,1492,77696.60577017942,15323.791393003628,463.50736128,LGW,ALC,116
0.5937036893061693,96,EZY,1492,72416.25392172064,14282.368676974245,519.170304,LGW,ALC,116
0.5389420834468334,87,EZY,1492,65627.23011655931,12943.396613507915,485.65424640000003,LGW,ALC,116
0.44422452968982046,72,EZY,1492,54312.19044129046,10711.77650773069,443.381312,LGW,BCN,116
0.5911052209582288,96,VLG,1492,72416.25392172064,14282.368676974245,547.298807,LGW,BCN,116
0.537368382689299,87,VLG,1492,65627.23011655931,12943.396613507915,407.4684159,LGW,BIO,116
0.7234076831679603,115,EZY,1492,86748.63751039449,17109.08747762541,534.836757,LGW,FUE,116
0.5928362917915166,96,EZY,1492,72416.25392172064,14282.368676974245,435.58869899999996,LGW,IBZ,116
0.44683011503772074,72,EZY,1492,54312.19044129046,10711.77650773069,258.476288,LGW,LEI,116
0.44552545564938223,72,EZY,1492,54312.19044129046,10711.77650773069,503.28,LGW,MAD,116
0.5381546693123342,87,EZY,1492,65627.23011655931,12943.396613507915,407.4684159,LGW,MAH,116
0.5381546693123342,87,EJU,1492,65627.23011655931,12943.396613507915,485.65424640000003,LGW,PMI,116
0.5381546693123342,87,EJU,1492,65627.23011655931,12943.396613507915,485.65424640000003,LGW,PMI,116
0.7234076831679603,115,EZY,1492,86748.63751039449,17109.08747762541,764.9547264,LGW,TFS,116
0.5405203004488558,87,BAW,33904,65627.23011655931,12943.396613507915,485.65424640000003,LHR,AGP,251
0.44552545564938223,72,BAW,33904,54312.19044129046,10711.77650773069,352.881984,LHR,IBZ,251
0.44552545564938223,72,BAW,33904,54312.19044129046,10711.77650773069,352.881984,LHR,IBZ,251
1.3649156920308194,221,BAW,33904,166708.25121562768,32879.20289178447,1792.935,LHR,MAD,251
1.164298162493481,188,IBE,33904,141815.16393003621,27969.63865907457,2107.4849999999997,LHR,MAD,251
0.663724092151879,107,IBE,33904,80713.94968358445,15918.890087877548,783.2294999999999,LHR,MAD,251
0.4461773180240304,72,BAW,33904,54312.19044129046,10711.77650773069,420.593664,LHR,PMI,251
0.07710816325513521,11,NJE,6494,8932.54101950642,1636.5214109032995,292.444032,LIS,AGP,132
0.3170152737542897,45,WHT,6494,36542.21326161717,6694.860317331678,151.150848,LIS,AGP,132
0.6105421466422268,87,VLG,6494,70648.27897245987,12943.396613507915,511.9668587,LIS,BCN,132
0.5047148412242407,72,TAP,6494,58467.541218587474,10711.77650773069,443.381312,LIS,BCN,132
0.390746973851025,56,PGA,6494,45474.75428112359,8331.38172823498,318.64567883499996,LIS,BCN,132
0.7518952005710717,107,VLG,6494,86889.26264428973,15918.890087877548,549.1725876,LIS,IBZ,132
0.5032322233493034,72,TAP,6494,58467.541218587474,10711.77650773069,503.28,LIS,MAD,132
0.6696235230051216,96,IBE,6494,77956.72162478331,14282.368676974245,621.2362499999999,LIS,MAD,132
0.6696235230051216,96,IBE,6494,77956.72162478331,14282.368676974245,621.2362499999999,LIS,MAD,132
0.3170152737542897,45,WHT,6494,36542.21326161717,6694.860317331678,180.86624999999998,LIS,MAD,132
0.3170152737542897,45,WHT,6494,36542.21326161717,6694.860317331678,180.86624999999998,LIS,MAD,132
0.00817656092639176,1,IBB,6494,812.0491835914927,148.77467371848178,341.854422,LIS,TFN,132
0.7913732544605983,113,BCS,6494,91761.55774583868,16811.538130188437,308.32583712,LIS,VIT,132
0.3179492302025423,45,WHT,6494,36542.21326161717,6694.860317331678,126.816963,LIS,VLC,132
0.6414174231993088,103,RYR,-1,77696.60577017942,15323.791393003628,463.50736128,LPL,AGP,29
0.6414174231993088,103,RYR,-1,77696.60577017942,15323.791393003628,463.50736128,LPL,AGP,29
0.5405203004488558,87,EZY,-1,65627.23011655931,12943.396613507915,485.65424640000003,LPL,AGP,29
0.5954422170625714,96,EZY,-1,72416.25392172064,14282.368676974245,519.170304,LPL,AGP,29
0.6414174231993088,103,RYR,-1,77696.60577017942,15323.791393003628,463.50736128,LPL,ALC,29
0.5397306266419722,87,EZY,-1,65627.23011655931,12943.396613507915,485.65424640000003,LPL,ALC,29
0.6395446056902423,103,RYR,-1,77696.60577017942,15323.791393003628,488.62006149,LPL,BCN,29
0.5928362917915166,96,EZY,-1,72416.25392172064,14282.368676974245,519.170304,LPL,PMI,29
0.6395446056902423,103,RYR,-1,77696.60577017942,15323.791393003628,284.84894676,LPL,REU,29
0.6414174231993088,103,RYR,173,77696.60577017942,15323.791393003628,463.50736128,LTN,AGP,84
0.5405203004488558,87,EZY,173,65627.23011655931,12943.396613507915,485.65424640000003,LTN,AGP,84
0.5413111064205196,87,EZY,173,65627.23011655931,12943.396613507915,485.65424640000003,LTN,AGP,84
0.6404803436151404,103,RYR,173,77696.60577017942,15323.791393003628,463.50736128,LTN,ALC,84
0.5937036893061693,96,EZY,173,72416.25392172064,14282.368676974245,519.170304,LTN,ALC,84
0.5919701362435676,96,EZY,173,72416.25392172064,14282.368676974245,547.298807,LTN,BCN,84
0.5928362917915166,96,EZY,173,72416.25392172064,14282.368676974245,435.58869899999996,LTN,IBZ,84
0.5389420834468334,87,EZY,173,65627.23011655931,12943.396613507915,485.65424640000003,LTN,PMI,84
0.5928362917915166,96,EZY,173,72416.25392172064,14282.368676974245,519.170304,LTN,PMI,84
0.5452821732421812,87,EZY,173,65627.23011655931,12943.396613507915,485.65424640000003,LTN,TFS,84
1.1837496264249396,89,LGL,82,72272.37733964286,13240.945960944875,365.67395591999997,LUX,ACE,58
0.5666673422089197,43,LGL,82,34918.114894434184,6397.310969894718,228.0330225,LUX,MAD,58
0.5650021801284637,43,LGL,82,34918.114894434184,6397.310969894718,190.568360448,LUX,PMI,58
0.4579427293699424,58,ANE,489,28806.205173288607,11168.767392284819,321.02973,LYS,MAD,87
0.6470681789140551,103,RYR,1370,77696.60577017942,15323.791393003628,388.88697393,MAN,ACE,93
0.6404803436151404,103,RYR,1370,77696.60577017942,15323.791393003628,463.50736128,MAN,AGP,93
0.6423558462856833,103,RYR,1370,77696.60577017942,15323.791393003628,463.50736128,MAN,AGP,93
0.5954422170625714,96,EZY,1370,72416.25392172064,14282.368676974245,519.170304,MAN,AGP,93
0.6404803436151404,103,RYR,1370,77696.60577017942,15323.791393003628,463.50736128,MAN,ALC,93
0.6414174231993088,103,RYR,1370,77696.60577017942,15323.791393003628,463.50736128,MAN,ALC,93
0.5945723304937411,96,EZY,1370,72416.25392172064,14282.368676974245,519.170304,MAN,ALC,93
0.6395446056902423,103,RYR,1370,77696.60577017942,15323.791393003628,488.62006149,MAN,BCN,93
0.6395446056902423,103,RYR,1370,77696.60577017942,15323.791393003628,488.62006149,MAN,BCN,93
0.5389420834468334,87,EZY,1370,65627.23011655931,12943.396613507915,511.9668587,MAN,BCN,93
0.6404803436151404,103,RYR,1370,77696.60577017942,15323.791393003628,388.88697393,MAN,IBZ,93
0.6423558462856833,103,RYR,1370,77696.60577017942,15323.791393003628,284.84894676,MAN,LEI,93
0.6395446056902423,103,RYR,1370,77696.60577017942,15323.791393003628,554.6302875,MAN,MAD,93
0.6404803436151404,103,RYR,1370,77696.60577017942,15323.791393003628,463.50736128,MAN,PMI,93
0.6395446056902423,103,RYR,1370,77696.60577017942,15323.791393003628,463.50736128,MAN,PMI,93
0.5928362917915166,96,EZY,1370,72416.25392172064,14282.368676974245,519.170304,MAN,PMI,93
0.6470681789140551,103,RYR,1370,77696.60577017942,15323.791393003628,463.50736128,MAN,TFS,93
0.5989342513917111,96,EZY,1370,72416.25392172064,14282.368676974245,519.170304,MAN,TFS,93
0.994272959084535,168,AMX,-1,136424.2628433708,24994.145184704932,1958.0737499999998,MEX,MAD,269
3.7222688174536263,168,ETH,-1,136424.2628433708,24994.145184704932,1005.634308,MIA,ZAZ,237
0.6864731552504942,103,MAY,79,83641.06590992374,15323.791393003628,554.6302875,MLA,MAD,38
0.05543669825068855,7,JFA,-1,3476.610969190004,1347.9546852757537,24.8120145,MPL,SVQ,18
0.8127606464506701,103,RYR,190,51155.84711808149,19834.190369057524,388.88697393,MRS,IBZ,64
0.45727444184257293,58,ANE,190,28806.205173288607,11168.767392284819,321.02973,MRS,MAD,64
0.08764670898828747,11,TJT,190,5463.24580872715,2118.2145054333273,42.40097589,MRS,SVQ,64
0.3260572469878757,96,DLH,36058,79751.52102155008,14569.812574875614,519.170304,MUC,AGP,180
0.24359456366415924,72,CLH,36058,59813.640766162556,10927.359431156716,443.381312,MUC,BCN,180
0.3241379274563409,96,VLG,36058,79751.52102155008,14569.812574875614,547.298807,MUC,BCN,180
0.15935729253314726,47,CLH,36058,39045.01550013389,7133.137406449521,211.34322572999997,MUC,BIO,180
0.2439543737544477,72,DLH,36058,59813.640766162556,10927.359431156716,352.881984,MUC,IBZ,180
0.24431470956838938,72,CLH,36058,59813.640766162556,10927.359431156716,503.28,MUC,MAD,180
0.32509618611922775,96,IBE,36058,79751.52102155008,14569.812574875614,621.2362499999999,MUC,MAD,180
0.5876914793666906,115,EJU,1267,70763.70538294033,14031.603818128007,764.9547264,MXP,AGP,139
0.4932236155521884,97,SWT,1267,59687.6471490888,11835.352785725365,435.20646905999996,MXP,BCN,139
0.4403782281715969,87,VLG,1267,53534.281463615735,10615.213323279448,511.9668587,MXP,BCN,139
0.48441605098875656,96,VLG,1267,59072.3105805415,11713.338839480766,547.298807,MXP,BCN,139
0.44102813617599124,87,EJU,1267,53534.281463615735,10615.213323279448,407.4684159,MXP,IBZ,139
0.44102813617599124,87,EJU,1267,53534.281463615735,10615.213323279448,407.4684159,MXP,IBZ,139
0.44102813617599124,87,EJU,1267,53534.281463615735,10615.213323279448,407.4684159,MXP,IBZ,139
0.5248991974235604,103,RYR,1267,63379.66656037264,12567.436463192913,554.6302875,MXP,MAD,139
0.49541047846718056,97,ABR,1267,59687.6471490888,11835.352785725365,494.000775,MXP,MAD,139
0.48656386278026664,96,IBE,1267,59072.3105805415,11713.338839480766,621.2362499999999,MXP,MAD,139
0.4403782281715969,87,EJU,1267,53534.281463615735,10615.213323279448,485.65424640000003,MXP,PMI,139
0.44890101389762227,87,EJU,1267,53534.281463615735,10615.213323279448,485.65424640000003,MXP,TFS,139
0.524125732180642,103,MAY,1267,63379.66656037264,12567.436463192913,388.88697393,MXP,VLC,139
0.5233533882621763,103,RYR,90,63379.66656037264,12567.436463192913,488.62006149,NAP,BCN,44
0.44167898779267584,87,VLG,90,53534.281463615735,10615.213323279448,511.9668587,NAP,BCN,44
0.6423558462856833,103,RYR,43,77696.60577017942,15323.791393003628,463.50736128,NCL,AGP,22
0.6414174231993088,103,RYR,43,77696.60577017942,15323.791393003628,463.50736128,NCL,ALC,22
0.6404803436151404,103,RYR,43,77696.60577017942,15323.791393003628,463.50736128,NCL,PMI,22
0.2605949395682165,87,MAC,-1,70648.27897245987,12943.396613507915,511.9668587,NDR,BCN,7
0.2605949395682165,87,MAC,-1,70648.27897245987,12943.396613507915,511.9668587,NDR,BCN,7
0.34967606719532535,103,RYR,-1,85566.7360960381,15632.194741793637,388.88697393,NRN,GRO,4
0.35070982502559117,103,MAY,-1,85566.7360960381,15632.194741793637,388.88697393,NRN,IBZ,4
0.6849106571213514,87,VLG,78,43209.30775993291,16753.15108842723,511.9668587,NTE,BCN,38
0.5670203078847903,72,VOE,78,35759.427111668614,13864.676762836327,420.593664,NTE,PMI,38
0.8151380582784972,103,TVF,78,51155.84711808149,19834.190369057524,388.88697393,NTE,SVQ,38
0.8139485064797796,103,RYR,78,51155.84711808149,19834.190369057524,388.88697393,NTE,VLC,38
0.9444554461183574,103,RYR,-1,88999.4525147637,26715.440088934625,463.50736128,NYO,AGP,9
0.723445111900815,103,RYR,241,83641.06590992374,15323.791393003628,488.62006149,OPO,BCN,60
0.6105421466422268,87,VLG,241,70648.27897245987,12943.396613507915,511.9668587,OPO,BCN,60
0.40523589669952864,58,ANE,241,47098.85264830657,8628.931075671944,321.02973,OPO,MAD,60
0.7245100140154425,103,RYR,241,83641.06590992374,15323.791393003628,463.50736128,OPO,PMI,60
0.7242975555163618,103,RYR,9,83641.06590992374,15323.791393003628,388.88697393,ORK,ACE,12
0.7189874363480824,103,RYR,9,83641.06590992374,15323.791393003628,463.50736128,ORK,ALC,12
0.8187168870970146,103,TVF,1289,51155.84711808149,19834.190369057524,463.50736128,ORY,AGP,148
0.8459577174087597,107,VLG,1289,53142.48195761864,20604.450189215087,690.0121667999999,ORY,BCN,148
0.6859116627638593,87,VLG,1289,43209.30775993291,16753.15108842723,511.9668587,ORY,BCN,148
0.6859116627638593,87,VLG,1289,43209.30775993291,16753.15108842723,511.9668587,ORY,BCN,148
0.6859116627638593,87,VLG,1289,43209.30775993291,16753.15108842723,511.9668587,ORY,BCN,148
0.8151380582784972,103,TVF,1289,51155.84711808149,19834.190369057524,388.88697393,ORY,IBZ,148
0.8163293041259515,103,TVF,1289,51155.84711808149,19834.190369057524,554.6302875,ORY,MAD,148
0.8151380582784972,103,AEA,1289,51155.84711808149,19834.190369057524,554.6302875,ORY,MAD,148
0.8471940493343932,107,IBE,1289,53142.48195761864,20604.450189215087,783.2294999999999,ORY,MAD,148
0.8471940493343932,107,IBE,1289,53142.48195761864,20604.450189215087,783.2294999999999,ORY,MAD,148
0.8471940493343932,107,IBE,1289,53142.48195761864,20604.450189215087,783.2294999999999,ORY,MAD,148
0.8471940493343932,107,VLG,1289,53142.48195761864,20604.450189215087,654.5488895999999,ORY,PMI,148
0.8151380582784972,103,AEA,1289,51155.84711808149,19834.190369057524,463.50736128,ORY,PMI,148
0.6889232412673794,87,VLG,1289,43209.30775993291,16753.15108842723,407.4684159,ORY,SVQ,148
0.8175222463039568,103,TVF,1289,51155.84711808149,19834.190369057524,388.88697393,ORY,SVQ,148
0.8151380582784972,103,TVF,1289,51155.84711808149,19834.190369057524,388.88697393,ORY,VLC,148
0.26094647767473156,103,NSW,4003,88999.4525147637,26715.440088934625,463.50736128,OSL,AGP,165
0.2605617829674762,103,NSW,4003,88999.4525147637,26715.440088934625,463.50736128,OSL,ALC,165
0.544077145137108,87,WZZ,347,70648.27897245987,12943.396613507915,485.65424640000003,OTP,ALC,47
0.6465904390489328,103,RYR,347,83641.06590992374,15323.791393003628,554.6302875,OTP,MAD,47
0.544077145137108,87,WZZ,347,70648.27897245987,12943.396613507915,581.131125,OTP,MAD,47
0.5709378055444536,103,RYR,-1,83641.06590992374,15323.791393003628,463.50736128,PED,ALC,3
0.643295614719493,103,RYR,-1,77696.60577017942,15323.791393003628,463.50736128,PIK,AGP,6
0.6423558462856833,103,RYR,-1,77696.60577017942,15323.791393003628,463.50736128,PIK,ALC,6
0.6414174231993088,103,RYR,-1,77696.60577017942,15323.791393003628,463.50736128,PIK,PMI,6
0.44102813617599124,87,VLG,14,53534.281463615735,10615.213323279448,511.9668587,PMO,BCN,53
0.5264494981777765,103,RYR,14,63379.66656037264,12567.436463192913,554.6302875,PMO,MAD,53
0.5726176929081902,103,RYR,1676,83641.06590992374,15323.791393003628,463.50736128,PRG,AGP,57
0.5684270475258313,103,RYR,1676,83641.06590992374,15323.791393003628,488.62006149,PRG,BCN,57
0.5248991974235604,103,MAY,-1,63379.66656037264,12567.436463192913,554.6302875,PSA,MAD,27
0.008211270000642647,188,CES,-1,152665.24651520062,27969.63865907457,2107.4849999999997,PVG,MAD,474
0.5402993221301698,89,TRA,4,72272.37733964286,13240.945960944875,435.84018431999993,RTM,ALC,8
1.706536523166125,160,IBE,-1,129927.86937463883,23803.94779495709,1808.6625,SDQ,MAD,30
0.6423558462856833,103,RYR,-1,77696.60577017942,15323.791393003628,463.50736128,SEN,AGP,12
0.6018525886120148,97,AWC,-1,73170.58990007188,14431.143350692737,435.20646905999996,SEN,BCN,12
0.6036151334604535,97,AWC,-1,73170.58990007188,14431.143350692737,494.000775,SEN,MAD,12
0.6395446056902423,103,RYR,-1,77696.60577017942,15323.791393003628,463.50736128,SEN,PMI,12
2.0667209138467464,143,IBE,-1,116123.03325358345,21274.778341742902,1808.6625,SJO,MAD,13
0.7264323214806014,103,RYR,41,83641.06590992374,15323.791393003628,463.50736128,SNN,TFS,8
0.24938317262956125,87,WZZ,44,70648.27897245987,12943.396613507915,485.65424640000003,SOF,ALC,43
0.3066666489716663,107,WZZ,44,86889.26264428973,15918.890087877548,690.0121667999999,SOF,BCN,43
0.29462817444480066,103,RYS,44,83641.06590992374,15323.791393003628,488.62006149,SOF,BCN,43
0.6470681789140551,103,RYR,1617,77696.60577017942,15323.791393003628,388.88697393,STN,ACE,127
0.6414174231993088,103,RYR,1617,77696.60577017942,15323.791393003628,463.50736128,STN,AGP,127
0.6423558462856833,103,RYR,1617,77696.60577017942,15323.791393003628,463.50736128,STN,AGP,127
0.6404803436151404,103,RYR,1617,77696.60577017942,15323.791393003628,463.50736128,STN,ALC,127
0.6404803436151404,103,RYR,1617,77696.60577017942,15323.791393003628,463.50736128,STN,ALC,127
0.03238383759851834,5,RYR,1617,3771.6798917562824,743.8733685924091,60.65749248,STN,ALC,127
0.63861020758397,103,RYR,1617,77696.60577017942,15323.791393003628,488.62006149,STN,BCN,127
0.63861020758397,103,RYR,1617,77696.60577017942,15323.791393003628,488.62006149,STN,BCN,127
0.6395446056902423,103,RYR,1617,77696.60577017942,15323.791393003628,0.0,STN,CDT,127
0.6480147018438963,103,RYR,1617,77696.60577017942,15323.791393003628,388.88697393,STN,FUE,127
0.6404803436151404,103,RYR,1617,77696.60577017942,15323.791393003628,388.88697393,STN,IBZ,127
0.6480147018438963,103,RYR,1617,77696.60577017942,15323.791393003628,463.50736128,STN,LPA,127
0.6395446056902423,103,RYR,1617,77696.60577017942,15323.791393003628,554.6302875,STN,MAD,127
0.6395446056902423,103,RYR,1617,77696.60577017942,15323.791393003628,463.50736128,STN,PMI,127
0.63861020758397,103,RYR,1617,77696.60577017942,15323.791393003628,284.84894676,STN,REU,127
0.03228928015874006,5,RYR,1617,3771.6798917562824,743.8733685924091,50.89219863,STN,SCQ,127
0.63861020758397,103,RYR,1617,77696.60577017942,15323.791393003628,388.88697393,STN,SCQ,127
0.6414174231993088,103,RYR,1617,77696.60577017942,15323.791393003628,388.88697393,STN,SVQ,127
0.6480147018438963,103,RYR,1617,77696.60577017942,15323.791393003628,463.50736128,STN,TFS,127
0.6395446056902423,103,RYR,1617,77696.60577017942,15323.791393003628,388.88697393,STN,VLC,127
0.6395446056902423,103,RYR,1617,77696.60577017942,15323.791393003628,284.84894676,STN,ZAZ,127
0.24323527854743243,72,EWG,908,59813.640766162556,10927.359431156716,443.381312,STR,BCN,60
0.2942362240493134,87,EWG,908,72274.81592577977,13203.892645981032,485.65424640000003,STR,PMI,60
0.6858770997033864,87,AFL,24879,70648.27897245987,12943.396613507915,511.9668587,SVO,BCN,235
0.6950276912052842,87,SVR,-1,70648.27897245987,12943.396613507915,581.131125,SVX,MAD,52
0.22964108042245981,29,ANE,10,14403.102586644303,5584.3836961424095,169.25149125,SXB,MAD,9
0.35070982502559117,103,MAY,57,85566.7360960381,15632.194741793637,488.62006149,SXF,BCN,37
0.2955419873811161,87,EJU,57,72274.81592577977,13203.892645981032,511.9668587,SXF,BCN,37
0.35174660584146594,103,RYR,57,85566.7360960381,15632.194741793637,554.6302875,SXF,MAD,37
0.037435318401608055,11,NJE,57,9138.195117052614,1669.4576908711647,292.444032,SXF,PMI,37
0.35070982502559117,103,MAY,57,85566.7360960381,15632.194741793637,463.50736128,SXF,PMI,37
0.2959785143432626,87,EJU,57,72274.81592577977,13203.892645981032,485.65424640000003,SXF,PMI,37
0.35278641828625945,103,RYR,57,85566.7360960381,15632.194741793637,388.88697393,SXF,SVQ,37
0.4566071047475676,58,ANE,62,28806.205173288607,11168.767392284819,321.02973,TLS,MAD,59
0.2594438902749591,87,MAC,-1,70648.27897245987,12943.396613507915,485.65424640000003,TNG,AGP,8
0.06990334491947908,23,VKA,-1,18677.13122260433,3421.8174955250815,166.267992,TNG,BCN,8
0.2602106955634687,87,MAC,-1,70648.27897245987,12943.396613507915,581.131125,TNG,MAD,8
0.46008049875426066,154,BCS,-1,125055.57427308988,22911.29975264619,1136.05943724,TNG,SVQ,8
0.352266132569122,103,MAY,776,85566.7360960381,15632.194741793637,388.88697393,TXL,IBZ,92
0.29685348250206905,87,IBE,776,72274.81592577977,13203.892645981032,581.131125,TXL,MAD,92
0.35122783702067173,103,RYR,776,85566.7360960381,15632.194741793637,463.50736128,TXL,PMI,92
0.2959785143432626,87,EJU,776,72274.81592577977,13203.892645981032,485.65424640000003,TXL,PMI,92
0.2955419873811161,87,EJU,776,72274.81592577977,13203.892645981032,485.65424640000003,TXL,PMI,92
0.5233533882621763,103,RYR,354,63379.66656037264,12567.436463192913,488.62006149,VCE,BCN,46
0.44102813617599124,87,VLG,354,53534.281463615735,10615.213323279448,511.9668587,VCE,BCN,46
0.4872818798769044,96,IBE,354,59072.3105805415,11713.338839480766,621.2362499999999,VCE,MAD,46
0.4761034425826131,103,RYR,15655,83641.06590992374,15323.791393003628,463.50736128,VIE,AGP,146
0.39826440220012227,87,LDM,15655,70648.27897245987,12943.396613507915,511.9668587,VIE,BCN,146
0.39944038055671294,87,LDM,15655,70648.27897245987,12943.396613507915,407.4684159,VIE,IBZ,146
0.400029652155277,87,LDM,15655,70648.27897245987,12943.396613507915,581.131125,VIE,MAD,146
0.39826440220012227,87,LDM,15655,70648.27897245987,12943.396613507915,485.65424640000003,VIE,PMI,146
0.47400258492729935,103,RYR,15655,83641.06590992374,15323.791393003628,284.84894676,VIE,SDR,146
0.40656843868071096,87,WZZ,15655,70648.27897245987,12943.396613507915,485.65424640000003,VIE,TFS,146
0.9403447272315011,103,RYR,0,88999.4525147637,26715.440088934625,463.50736128,VXO,ALC,1
0.23328680482029118,103,ENT,6329,83641.06590992374,15323.791393003628,463.50736128,WAW,TFS,101
0.5593643032325117,93,SWR,18392,75520.57407400882,13836.044655818807,459.36714240000003,ZRH,AGP,106
0.46223719012793274,77,SWR,18392,62527.78713654494,11455.649876323096,437.1462623,ZRH,BCN,106
0.017480134476015992,3,GAC,18392,2436.1475507744785,446.32402115544517,21.619535301,ZRH,IBZ,106
0.5560748151914978,93,SWR,18392,75520.57407400882,13836.044655818807,459.36714240000003,ZRH,PMI,106
0.5306255950022848,87,EDW,18392,70648.27897245987,12943.396613507915,485.65424640000003,ZRH,TFS,106
0.5568954039554193,93,SWR,18392,75520.57407400882,13836.044655818807,385.41329190000005,ZRH,VLC,106